en,ar,source,type,section,confidence,hash
Composition & Excipients: Each film-coated tablet contains Agomelatine 25 mg.,التركيب والسواغات: يحوي كل قرص ملبس بالفيلم على: أجوميلاتين ٢٥ ملغ.,pricksage_gemini,sentence,gemini_curated,very_high,4ae73d1c77b5
Mechanism of action: Agomelatine is a melatonergic agonist (MT1 and MT2 receptors) and 5-HT2C antagonist.,آلية التأثير: أجوميلاتين هو شاد المستقبلات الميلاتونين MT1 و MT2 وضاد المستقبلات 5-HT2C.,pricksage_gemini,sentence,gemini_curated,very_high,42c2e61848d5
Pharmacokinetics: Agomelatine is rapidly and well absorbed after oral administration.,الحرائك الدوائية: يمتص أجوميلاتين بشكل جيد وسريع بعد تناوله عن طريق الفم.,pricksage_gemini,sentence,gemini_curated,very_high,81d72afadf69
Indications: PRICKSAGE is used for the treatment of major depressive episodes in adults.,الاستطبابات: يستخدم بريكسيج لمعالجة حوادث الاكتئاب الرئيسي عند البالغين.,pricksage_gemini,sentence,gemini_curated,very_high,70c374139ad6
Contraindications: Hypersensitivity to the drug or its components.,مضادات الاستطبابات: فرط التحس للمادة الفعالة أو أي من مكونات الدواء.,pricksage_gemini,sentence,gemini_curated,very_high,e171ff5138f7
The most common adverse reactions were nausea and dizziness.,كانت ردود الفعل السلبية الأكثر شيوعا الغثيان والدوار.,pricksage_gemini,sentence,gemini_curated,very_high,b6577aca8309
Monitoring of liver function: Cases of liver injury have been reported.,رصد وظائف الكبد: حالات إصابة الكبد... وقد تم الإبلاغ عنها.,pricksage_gemini,sentence,gemini_curated,very_high,640d1738c28c
Dosage and Administration: The recommended dose is one tablet (25 mg) once daily taken orally at bedtime.,الجرعة وطريقة الاستعمال: الجرعة الموصى بها هي قرص في اليوم (٢٥ ملغ) تؤخذ قبل النوم.,pricksage_gemini,sentence,gemini_curated,very_high,de10e3ff8378
No dosage tapering is needed on treatment discontinuation.,لا حاجة لتخفيض الجرعة عند التوقف عن العلاج.,pricksage_gemini,sentence,gemini_curated,very_high,bdcde3dac5d5
"Store away from humidity and direct light, in a place of a temperature between 15 -30° C.",شروط الحفظ: يحفظ بعيدا عن الرطوبة والضوء المباشر في مكان لا تتجاوز حرارته ٣٠ درجة.,pricksage_gemini,sentence,gemini_curated,very_high,b766c1972d37
"**Adverse reactions: Palpitation, tachycardia, hypotension, dizziness, headache, somnolence, nausea, vomiting, constipation, dry mouth**",**الآثار الجانبية: خفقان، تسارع القلب، انخفاض ضغط الدم، دوخة، صداع، نعاس، غثيان، قيء، إمساك، جفاف الفم**,side_effects,sentence,medical_term,high,10d24c080665
"**Adverse reactions: Diarrhea, sweating, pruritus, rash, urticaria, fatigue**",**الآثار الجانبية: إسهال، تعرق، حكة، طفح جلدي، شرى، إرهاق**,side_effects,sentence,medical_term,high,1d0301f72608
"**Adverse reactions: Cardiovascular regulation (palpitation, tachycardia, postural hypotension or cardiovascular collapse)**",**الآثار الجانبية: تنظيم القلب والأوعية (خفقان، تسارع القلب، انخفاض ضغط الدم الوضعي أو وهط قلب وعائي)**,side_effects,sentence,medical_term,high,f7c014bfc903
"**Adverse reactions: Gastrointestinal irritation (a feeling of pressure in the stomach, bloating)**",**الآثار الجانبية: تهيج الجهاز الهضمي (شعور بالضغط في المعدة، انتفاخ)**,side_effects,sentence,medical_term,high,572422e94e7f
"**The most commonly reported side-effects are: feeling of sickness, skin reddening, allergic reactions, shortness of breath, swollen facial features, and liver damage**",**كانت ردود الفعل السلبية الأكثر شيوعًا: شعور بالمرض، احمرار الجلد، ردود فعل تحسسية، ضيق في التنفس، تورم في الوجه، وتلف الكبد**,side_effects,sentence,medical_term,high,5fe43c7d5ac1
"**Each film-coated tablet contains Rivaroxaban 2.5, 10, 15 or 20 mg**",**يحوي كل قرص ملبس بالفيلم ريفاروكسبان ٢.٥، ١٠، ١٥ أو ٢٠ ملغ**,updated_dosage_forms,sentence,medical_term,high,49df5fd3d410
**Each dispersible tablet contains Diclofenac Sodium 50 mg**,**يحوي كل قرص قابل للتشتت ديكلوفيناك صوديوم ٥٠ ملغ**,updated_dosage_forms,sentence,medical_term,high,fc500189d20d
**Clopidogrel (as Hydrogen Sulphate) 75 mg / Aspirin 75 mg**,**كلوبيدوغريل (على شكل كبريتات الهيدروجين) ٧٥ ملغ / أسبرين ٧٥ ملغ**,updated_dosage_forms,sentence,medical_term,high,a3191754c3e5
**Clopidogrel (as Hydrogen Sulphate) 75 mg / Aspirin 100 mg**,**كلوبيدوغريل (على شكل كبريتات الهيدروجين) ٧٥ ملغ / أسبرين ١٠٠ ملغ**,updated_dosage_forms,sentence,medical_term,high,36016429a5ec
**Clopidogrel (as Hydrogen Sulphate) 75 mg / Aspirin 150 mg**,**كلوبيدوغريل (على شكل كبريتات الهيدروجين) ٧٥ ملغ / أسبرين ١٥٠ ملغ**,updated_dosage_forms,sentence,medical_term,high,35b58f1f8bbf
**Absorption: The absolute bioavailability of Rivaroxaban is dose-dependent**,**الامتصاص: التوافر الحيوي المطلق لريفاروكسبان يعتمد على الجرعة**,updated_pharmacokinetics,sentence,medical_term,high,233a92e66bca
"**For 2.5 or 10 mg dose, it is estimated to be 80% to 100% and is not affected by food**",**لجرعة ٢.٥ أو ١٠ ملغ، يقدر ب٨٠٪ إلى ١٠٠٪ ولا يتأثر بالطعام**,updated_pharmacokinetics,sentence,medical_term,high,d04b869db54f
"**For 20 mg dose, the absolute bioavailability is approximately 66% in the fasted state**",**لجرعة ٢٠ ملغ، التوافر الحيوي المطلق حوالي ٦٦٪ في حالة الصيام**,updated_pharmacokinetics,sentence,medical_term,high,3bce1515009b
**Coadministration with food increases the bioavailability (mean AUC and Cmax increasing by 39% and 76%)**,**الإعطاء المتزامن مع الطعام يزيد التوافر الحيوي (متوسط AUC وCmax يزدادان بنسبة ٣٩٪ و٧٦٪)**,updated_pharmacokinetics,sentence,medical_term,high,7777d833e5ee
**Maximum concentrations (Cmax) appear 2 to 4 hours after tablet intake**,**التركيزات القصوى (Cmax) تظهر بعد ٢ إلى ٤ ساعات من تناول القرص**,updated_pharmacokinetics,sentence,medical_term,high,b1a993314224
**Plasma protein binding of Rivaroxaban is approximately 92% to 95%**,**الارتباط ببروتينات البلازما لريفاروكسبان حوالي ٩٢٪ إلى ٩٥٪**,updated_pharmacokinetics,sentence,medical_term,high,591bb2c54dee
**66% of the dose was recovered in urine (36% as unchanged drug) and 7% in feces**,**تم استعادة ٦٦٪ من الجرعة في البول (٣٦٪ على شكل دواء غير متغير) و٧٪ في البراز**,updated_pharmacokinetics,sentence,medical_term,high,65b3836b4667
**Terminal elimination half-life of Rivaroxaban is 5 to 9 hours**,**نصف عمر الإطراح النهائي لريفاروكسبان هو ٥ إلى ٩ ساعات**,updated_pharmacokinetics,sentence,medical_term,high,d8235c02979e
**Clopidogrel is rapidly absorbed. Absorption is at least 50%**,**يمتص كلوبيدوغريل بسرعة. الامتصاص لا يقل عن ٥٠٪**,updated_pharmacokinetics,sentence,medical_term,high,4cbc0b849d03
**Clopidogrel is extensively metabolized by two main metabolic pathways**,**يستقلب كلوبيدوغريل بشكل واسع عبر مسارين استقلابين رئيسيين**,updated_pharmacokinetics,sentence,medical_term,high,5053aeccb15b
**Half-life of clopidogrel is approximately 6 hours. The half-life of the active metabolite is about 30 minutes**,**نصف عمر كلوبيدوغريل حوالي ٦ ساعات. نصف عمر المستقلب الفعال حوالي ٣٠ دقيقة**,updated_pharmacokinetics,sentence,medical_term,high,df7a94fcc098
**Aspirin appears rapidly in all body tissues. It crosses the placenta and appears in breast milk**,**يظهر الأسبرين بسرعة في جميع أنسجة الجسم. يعبر المشيمة ويظهر في حليب الثدي**,updated_pharmacokinetics,sentence,medical_term,high,569e49e7ba30
**Absorption of diclofenac from Fast-Vol sets in immediately after administration**,**يبدأ امتصاص ديكلوفيناك من فاست فول فورًا بعد الإعطاء**,updated_pharmacokinetics,sentence,medical_term,high,7710f967fd4c
**Bioavailability of diclofenac is 82% of that achieved with gastro-resistant tablets**,**التوافر الحيوي لديكلوفيناك هو ٨٢٪ من ذلك الذي يتم تحقيقه مع الأقراص المقاومة للمعدة**,updated_pharmacokinetics,sentence,medical_term,high,00bc8c7df166
"**99.7% of diclofenac is bound to serum proteins, mainly to albumin**",**ترتبط ٩٩.٧٪ من ديكلوفيناك ببروتينات المصل، خاصة الألبومين**,updated_pharmacokinetics,sentence,medical_term,high,346c02f289ad
**Manufactured by: HAMA PHARMA Hama - Syria**,**تصنيع: حماة فارما - حماة - سوريا**,updated_general,sentence,medical_term,high,21b2ef4b4734
**Tel.: +963 33 8673941 Fax: +963 33 8673943**,**هاتف: +٩٦٣ ٣٣ ٨٦٧٣٩٤١ فاكس: +٩٦٣ ٣٣ ٨٦٧٣٩٤٣**,updated_general,sentence,medical_term,high,355d7644beab
**A medicament is a product which affects your health**,**الدواء منتج يؤثر على صحتك**,updated_general,sentence,medical_term,high,558c2af99d4f
**its consumption contrary to instructions is dangerous for you**,**استخدامه خلاف التعليمات يعرضك للخطر**,updated_general,sentence,medical_term,high,d2a6f1666a60
**Do not by yourself interrupt the period of treatment prescribed for you**,**لا تقاطع فترة العلاج الموصوفة لك من تلقاء نفسك**,updated_general,sentence,medical_term,high,6e7fbe015db8
**KEEP MEDICAMENTS OUT OF REACH OF CHILDREN**,**يحفظ الدواء بعيدًا عن متناول الأطفال**,updated_general,sentence,medical_term,high,0b5872be5623
"**Store at room temperature, 15° - 30° C**",**يحفظ في درجة حرارة الغرفة، ١٥-٣٠ درجة مئوية**,updated_general,sentence,medical_term,high,ef5f0da296d7
"**Store at room temperature, 20° -25° C**",**يحفظ في درجة حرارة الغرفة، ٢٠-٢٥ درجة مئوية**,updated_general,sentence,medical_term,high,0947bcc9417c
**Keep out of reach of children**,**يحفظ بعيدًا عن متناول الأطفال**,medical_terms_extended,sentence,medical_term,high,e4d526c1e17b
**Tramadol Hydrochloride is a centrally acting synthetic analgesic compound**,**ترامادول هيدروكلوريد هو مسكن اصطناعي مركزي التأثير**,mechanism_pk,sentence,medical_term,high,eee2a49bfaad
"**Non-selective pure agonist at mu, delta, and kappa opioid receptors**",**ناظم غير انتقائي للمستقبلات الأفيونية ميو، دلتا، وكابا**,mechanism_pk,sentence,medical_term,high,2f2793dffc8a
**Inhibition of neuronal reuptake of noradrenaline (norepinephrine) and enhancement of serotonin release**,**تثبيط إعادة امتصاص نورادرينالين (نورإبينيفرين) وتعزيز إطلاق السيروتونين**,mechanism_pk,sentence,medical_term,high,675a09bd6ae4
**More than 90% of tramadol is absorbed after oral administration. The mean absolute bioavailability is approximately 70%**,**يمتص أكثر من ٩٠٪ من ترامادول بعد تناوله عن طريق الفم. المتوسط التوافر الحيوي المطلق حوالي ٧٠٪**,mechanism_pk,sentence,medical_term,high,bb2eb2bd404d
**Plasma protein binding of about 20%**,**الارتباط ببروتينات البلازما حوالي ٢٠٪**,mechanism_pk,sentence,medical_term,high,0af39768c1e0
**Passes the blood-brain and placental barriers**,**يعبر حاجز دم-دماغ وحاجز المشيمة**,mechanism_pk,sentence,medical_term,high,8e47a9ad3c4c
**Tramadol and its metabolites are almost completely excreted via the kidneys**,**يطرح ترامادول ومستقلباته تقريبًا بالكامل عن طريق الكلى**,mechanism_pk,sentence,medical_term,high,8d2a713d216b
**Agomelatine is a melatonergic agonist (MT1 and MT2 receptors) and 5-HT2C antagonist**,**أجوميلاتين هو محفز للمستقبلات الميلاتونينية (MT1 و MT2) ومضاد للمستقبلات 5-HT2C**,mechanism_pk,sentence,medical_term,high,560d87be6f22
**Diclofenac Potassium is a potent inhibitor of prostaglandin biosynthesis**,**ديكلوفيناك بوتاسيوم هو مثبط قوي لتخليق البروستاغلاندين**,mechanism_pk,sentence,medical_term,high,f03e9bbcfa2f
**TRAMADOL HAMA PHARMA (Film-Coated Tablets) (Tramadol Hydrochloride 50 mg)**,**ترامادول هاما فارما (أقراص ملبسة بالفيلم) (ترامادول هيدروكلوريد ٥٠ ملغ)**,leaflet_content_detailed,sentence,medical_term,high,fcf28c397d9e
"**NODEMENT (Armodafinil 50 mg, 150 mg, 250 mg) (Tablets)**",**نوديمينت (أرمودافينيل ٥٠ ملغ، ١٥٠ ملغ، ٢٥٠ ملغ) (أقراص)**,leaflet_content_detailed,sentence,medical_term,high,2d3a3e6ed09c
**KETOTIFEN HAMA PHARMA (Ketotifen 1 mg as Hydrogen Fumarate) (Tablets)**,**كيتوتيفين هاما فارما (كيتوتيفين ١ ملغ على شكل فومارات هيدروجين) (أقراص)**,leaflet_content_detailed,sentence,medical_term,high,55e6e6fa8400
"**DILTIAZEM HAMA PHARMA (Diltiazem hydrochloride 60 mg, 90 mg, 120 mg, 180 mg) (Tablets)**",**ديلتيازيم هاما فارما (ديلتيازيم هيدروكلوريد ٦٠ ملغ، ٩٠ ملغ، ١٢٠ ملغ، ١٨٠ ملغ) (أقراص)**,leaflet_content_detailed,sentence,medical_term,high,00c61da8a803
**ANTI-TUSSIVE (Oxomemazine 1.65 mg + Paracetamol 33.3 mg + Sodium benzoate 33.3 mg + Guaifenesin 33.3 mg)**,**مضاد السعال (أوكسوميمازين ١.٦٥ ملغ + باراسيتامول ٣٣.٣ ملغ + بنزوات الصوديوم ٣٣.٣ ملغ + غوايفينيسين ٣٣.٣ ملغ)**,leaflet_content_detailed,sentence,medical_term,high,0a04d2d99d2d
**FEDROLIDINE (Pseudoephedrine hydrochloride 60 mg + Triprolidine hydrochloride 2.5 mg) (Tablets)**,**فيدروليدين (سودوإيفيدرين هيدروكلوريد ٦٠ ملغ + تريبوليدين هيدروكلوريد ٢.٥ ملغ) (أقراص)**,leaflet_content_detailed,sentence,medical_term,high,dc147c563083
**Composition: Each film-coated tablet contains Tramadol Hydrochloride 50 mg**,**التركيب: يحوي كل قرص ملبس بالفيلم على ترامادول هيدروكلوريد ٥٠ ملغ**,leaflet_content_detailed,sentence,medical_term,high,2b8157463eba
"**Excipients: Magnesium stearate, Microcrystalline cellulose, HPMC, Sodium starch glycolate, Pregelatinized starch, Corn starch, Polysorbate 80, Carnauba wax, Iron oxide yellow, Polyethylene glycol, Titanium dioxide, Lactose**",**السواغات: ستيرات المغنيسيوم، السليلوز البلوري المجهري، HPMC، نشاء الصوديوم غليكولات، نشاء مسبق التجلط، نشاء الذرة، بوليسوربات ٨٠، شمع كارناوبا، أكسيد الحديد الأصفر، بولي إيثيلين غليكول، ثاني أكسيد التيتانيوم، لاكتوز**,leaflet_content_detailed,sentence,medical_term,high,2a0c1a3fb0a1
**Pharmacodynamics: Centrally acting synthetic analgesic compound**,**الديناميكا الدوائية: مركب مسكن اصطناعي مركزي التأثير**,leaflet_content_detailed,sentence,medical_term,high,ea735bbb09ed
**Elimination: Almost completely excreted via kidneys**,**الإطراح: يتم طرحه تقريبًا بالكامل عن طريق الكلى**,leaflet_content_detailed,sentence,medical_term,high,99bd0a4293f2
**Indications: Treatment of moderate to severe pain**,**الاستطبابات: علاج الألم المتوسط إلى الشديد**,leaflet_content_detailed,sentence,medical_term,high,2be626276822
"**Contraindications: Hypersensitivity, Acute intoxication with CNS depressants, MAO inhibitors, Severe hepatic/renal/respiratory impairment, Epilepsy, Breastfeeding (long-term)**",**مضادات الاستطباب: فرط الحساسية، التسمم الحاد بمثبطات الجهاز العصبي المركزي، مثبطات مونوأمين أوكسيداز، قصور كبدي/كلوي/تنفسي شديد، صرع، الإرضاع (طويل الأمد)**,leaflet_content_detailed,sentence,medical_term,high,6f13664619db
"**Warnings: Withdrawal symptoms, Drug dependence, Opioid-dependent patients, Convulsive disorders, Respiratory depression**",**التحذيرات: أعراض الانسحاب، الاعتمادية الدوائية، المرضى المعتمدون على الأفيونيات، اضطرابات اختلاجية، كبت التنفس**,leaflet_content_detailed,sentence,medical_term,high,6859974c304a
"**Drug Interactions: MAO inhibitors, CNS depressants, Carbamazepine, Cimetidine, SSRIs, SNRIs, Tricyclic antidepressants, Coumarin derivatives (warfarin), Ketoconazole, Erythromycin**",**التداخلات الدوائية: مثبطات MAO، مثبطات الجهاز العصبي المركزي، كاربامازيبين، سيميتيدين، مثبطات استرداد السيروتونين الانتقائية (SSRIs)، مثبطات استرداد السيروتونين والنورادرينالين (SNRIs)، مضادات الاكتئاب ثلاثية الحلقات، مشتقات الكومارين (وارفارين)، كيتوكونازول، إريثرومايسين**,leaflet_content_detailed,sentence,medical_term,high,f1f9e9bf818d
"**Serotonin syndrome (confusion, agitation, fever, sweating, ataxia, hyperreflexia, myoclonus, diarrhea)**",**متلازمة السيروتونين (ارتباك، هياج، حمى، تعرق، ترنح، فرط المنعكسات، رمع عضلي، إسهال)**,leaflet_content_detailed,sentence,medical_term,high,0a7f40b1b9e3
"**Adverse Reactions: Palpitation, tachycardia, hypotension, dizziness, headache, somnolence, nausea, vomiting, constipation, dry mouth, diarrhea, sweating, pruritus, rash, urticaria, fatigue**",**الآثار الجانبية: خفقان، تسارع القلب، انخفاض ضغط الدم، دوخة، صداع، نعاس، غثيان، قيء، إمساك، جفاف الفم، إسهال، تعرق، حكة، طفح جلدي، شرى، إرهاق**,leaflet_content_detailed,sentence,medical_term,high,a3b764c10217
"**Overdosage: Miosis, vomiting, cardiovascular collapse, sedation, coma, seizures, respiratory depression**",**فرط الجرعة: تضييق حدقة العين، قيء، وهط قلب وعائي، تهدئة، غيبوبة، اختلاجات، كبت التنفس**,leaflet_content_detailed,sentence,medical_term,high,9c5647f63daa
"**Management of Overdosage: Maintain airway, cardiovascular function, naloxone for respiratory depression, diazepam for fits, activated charcoal/gastric lavage within 2 hours**",**إدارة فرط الجرعة: الحفاظ على مجرى الهواء، وظائف القلب والأوعية الدموية، نالوكسون لكبت التنفس، ديازيبام للاختلاجات، الفحم المنشط/غسل المعدة خلال ٢ ساعة**,leaflet_content_detailed,sentence,medical_term,high,e987ebbe4ec7
"**Dosage: Adults & children >12 years: 50-100 mg 3-4 times daily (acute pain), 50-100 mg every 4-6 hours (chronic pain), max 400 mg/day**",**الجرعة: البالغون والأطفال >١٢ سنة: ٥٠-١٠٠ ملغ ٣-٤ مرات يوميًا (ألم حاد)، ٥٠-١٠٠ ملغ كل ٤-٦ ساعات (ألم مزمن)، حد أقصى ٤٠٠ ملغ/اليوم**,leaflet_content_detailed,sentence,medical_term,high,47c4f0981e4c
"**Renal Impairment: Increase dosage interval to 12 hours if creatinine clearance <30 ml/min, not recommended if <10 ml/min**",**قصور كلوي: زيادة فترة الجرعة إلى ١٢ ساعة إذا كانت تصفية الكرياتينين <٣٠ مل/دقيقة، غير موصى به إذا كانت <١٠ مل/دقيقة**,leaflet_content_detailed,sentence,medical_term,high,255043632177
"**Hepatic Impairment: Divide dose or extend interval to 12 hours, contraindicated in severe impairment**",**قصور كبدي: قسم الجرعة أو اطلب الفترة إلى ١٢ ساعة، مضاد استطباب في القصور الشديد**,leaflet_content_detailed,sentence,medical_term,high,8e456b2fcd2a
**Pediatric: Not recommended for children <12 years**,**الأطفال: غير موصى به للأطفال <١٢ سنة**,leaflet_content_detailed,sentence,medical_term,high,6a67de7c2d3f
**Each film-coated tablet contains: Tramadol Hydrochloride 50 mg**,**يحوي كل قرص ملبس بالفيلم: ترامادول هيدروكلوريد ٥٠ ملغ**,composition,sentence,medical_term,high,2bbd40d9d4e8
**Each capsule contains: Pizotifen (as hydrogen maleate) 0.5 mg**,**يحوي كل كبسولة: بيزوتيفين (على شكل ماليات هيدروجين) ٠.٥ ملغ**,composition,sentence,medical_term,high,177e7e233de8
**Each tablet of Ketotifen Hama Pharma contains: 1 mg Ketotifen (as Hydrogen Fumarate)**,**يحوي كل قرص من كيتوتيفين حماة فارما: ١ ملغ كيتوتيفين (على شكل فومارات هيدروجين)**,composition,sentence,medical_term,high,c54873ea61da
**Composition: Paracetamol 500 mg + Diclofenac Potassium 50 mg**,**التركيب: باراسيتامول ٥٠٠ ملغ + ديكلوفيناك بوتاسيوم ٥٠ ملغ**,composition,sentence,medical_term,high,1a110426303f
**Composition and Excipients: Each tablet contains 10 mg or 15 mg of aripiprazole**,**التركيب والسواغات: يحوي كل قرص على ١٠ ملغ أو ١٥ ملغ من أريبيبرازول**,composition,sentence,medical_term,high,4f0770b47127
**Reduction in the risk of stroke and systemic embolism in patients with non-valvular atrial fibrillation**,**تقليل خطر السكتة الدماغية والانسداد الجهازي لدى مرضى الرجفان الأذيني غير الصمامي**,updated_indications,sentence,medical_term,high,138b3eeb2284
**Treatment of Deep Vein Thrombosis (DVT)**,**علاج خثار الوريد العميق**,updated_indications,sentence,medical_term,high,65013d494553
**Reduction in the risk of recurrence of DVT and PE**,**تقليل خطر تكرر خثار الوريد العميق والانسداد الرئوي**,updated_indications,sentence,medical_term,high,bf3cd6aeb27d
**Prophylaxis of Deep Vein Thrombosis following Hip or Knee replacement surgery**,**الوقاية من خثار الوريد العميق بعد جراحة استبدال مفصل الورك أو الركبة**,updated_indications,sentence,medical_term,high,c5ae12961457
**Reduction of Risk of Major Cardiovascular Events in Chronic Coronary Artery Disease (CAD) or Peripheral Artery Disease (PAD)**,**تقليل خطر الأحداث القلبية الوعائية الكبرى في مرض الشريان التاجي المزمن أو مرض الشريان المحيطي**,updated_indications,sentence,medical_term,high,993c7f39f1c1
"**Prevention of ischemic events, myocardial infarction, stroke and cardiovascular death in patients with Acute Coronary Syndrome (ACS)**",**الوقاية من الأحداث الإفقارية، احتشاء عضلة القلب، السكتة الدماغية، والوفاة القلبية الوعائية لدى مرضى متلازمة الشريان التاجي الحادة**,updated_indications,sentence,medical_term,high,27665f9822bc
**ST-segment elevation acute myocardial infarction (STEMI)**,**احتشاء عضلة القلب مع ارتفاع القطعة ST**,updated_indications,sentence,medical_term,high,24168ad7e9b8
**Painful syndromes of the vertebral column**,**متلازمات مؤلمة في العمود الفقري**,updated_indications,sentence,medical_term,high,e4db6eb41299
**Painful and/or inflammatory conditions in gynaecology**,**الحالات المؤلمة و/أو الالتهابية في طب النساء**,updated_indications,sentence,medical_term,high,76c3672b74c9
**Treatment of moderate to severe pain**,**علاج الألم المتوسط إلى الشديد**,updated_indications,sentence,medical_term,high,d7cf9e4be38d
**Avoid concomitant use of Rivaroxaban with combined P-gp and strong CYP3A4 inhibitors**,**تجنب الاستخدام المتزامن لريفاروكسبان مع مثبطات P-gp القوية وCYP3A4**,updated_interactions,sentence,medical_term,high,c9ddc15e8485
**Avoid concomitant use of Rivaroxaban with drugs that are combined P-gp and strong CYP3A4 inducers**,**تجنب الاستخدام المتزامن لريفاروكسبان مع الأدوية التي هي مثبطات P-gp القوية ومحفزات CYP3A4**,updated_interactions,sentence,medical_term,high,42158461b81c
**Avoid using omeprazole or esomeprazole with clopidogrel**,**تجنب استخدام أوميبرازول أو إيزوميبرازول مع كلوبيدوغريل**,updated_interactions,sentence,medical_term,high,a575e6ef5ad9
**Omeprazole and esomeprazole significantly reduce the antiplatelet activity of clopidogrel**,**أوميبرازول وإيزوميبرازول يقللان بشكل كبير من النشاط المضاد للصفيحات لكلوبيدوغريل**,updated_interactions,sentence,medical_term,high,592072370301
**CYP2C19 poor metabolizer status is associated with diminished antiplatelet response to clopidogrel**,**حالة الاستقلاب السيئة لـ CYP2C19 ترتبط باستجابة مضادة للصفيحات ضعيفة لكلوبيدوغريل**,updated_interactions,sentence,medical_term,high,fa347a25e636
"**Concomitant administration of enoxaparin, warfarin, aspirin, clopidogrel and chronic NSAID use may increase the risk of bleeding**",**الإعطاء المتزامن لإينوكسابارين، وارفارين، أسبرين، كلوبيدوغريل واستخدام مزمن لمضادات الالتهاب غير الستيرويدية قد يزيد خطر النزف**,updated_interactions,sentence,medical_term,high,089ae93351a7
**Care should be taken and the risk/benefit of treatment determined prior to administration**,**يجب توخي الحذر وتحديد المخاطر/فوائد العلاج قبل إعطاء الدواء**,warnings,sentence,medical_term,high,38a4befe7e9d
**Withdrawal symptoms: At therapeutic doses tramadol has the potential to cause withdrawal symptoms**,**أعراض الانسحاب: في الجرعات العلاجية، قد يسبب ترامادول أعراض انسحاب**,warnings,sentence,medical_term,high,ddf1b2eb0a8c
**Drug dependence and abuse: Reports of these are rare**,**اعتمادية الدواء وسوء الاستخدام: التقارير عنها نادرة**,warnings,sentence,medical_term,high,7e442e3d7b5e
**Increased mortality in elderly patients with dementia-related psychosis**,**زيادة معدل الوفيات لدى المرضى المسنين المصابين بذهان مرتبط بالخرف**,warnings,sentence,medical_term,high,8831a6446e80
**Patients prone to convulsive disorders. Convulsions have been reported at therapeutic doses**,**المرضى المعرضون لاضطرابات اختلاجية. تم الإبلاغ عن اختلاجات في الجرعات العلاجية**,warnings,sentence,medical_term,high,f41a0eea3a06
**Selective inhibitor of factor Xa (FXa)**,**مثبط انتقائي لعامل Xa**,updated_mechanism,sentence,medical_term,high,65ec2f8d9867
**Does not require a cofactor (such as Anti-thrombin III) for activity**,**لا يتطلب عامل مساعد (مثل مضاد الثرومبين III) للنشاط**,updated_mechanism,sentence,medical_term,high,084aea3582ea
**Inhibits free FXa and prothrombinase activity**,**يثبط عامل Xa الحر ونشاط البروثرومبيناز**,updated_mechanism,sentence,medical_term,high,a6d72ada0f1c
**No direct effect on platelet aggregation**,**لا تأثير مباشر على تجمع الصفيحات**,updated_mechanism,sentence,medical_term,high,ccc35b8833f7
**Indirectly inhibits platelet aggregation induced by thrombin**,**يثبط بشكل غير مباشر تجمع الصفيحات المحفز بالثرومبين**,updated_mechanism,sentence,medical_term,high,6e8b832c3792
**Clopidogrel selectively inhibits the binding of adenosine diphosphate (ADP) to its platelet receptor**,**يثبط كلوبيدوغريل بشكل انتقائي ارتباط ثنائي فوسفات الأدينوزين (ADP) بمستقبلاته على الصفيحات**,updated_mechanism,sentence,medical_term,high,c6c9917fa949
"**Non-steroidal compound with anti-rheumatic, anti-inflammatory, analgesic and antipyretic properties**",**مركب غير ستيرويدي ذو خصائص مضادة للروماتيزم، مضادة للالتهاب، مسكنة وخافضة للحرارة**,updated_mechanism,sentence,medical_term,high,4aa5813ceaea
**AGILOMOX (Paracetamol 500 mg + Diclofenac Potassium 50 mg) (Tablets)**,**أجيلوموكس (باراسيتامول ٥٠٠ ملغ + ديكلوفيناك بوتاسيوم ٥٠ ملغ) (أقراص)**,leaflet_content_basic,sentence,medical_term,high,07c8b09b6fa9
"**ARIPIPRAZOLE (10 mg, 15 mg) (Tablets)**",**أريبيبرازول (١٠ ملغ، ١٥ ملغ) (أقراص)**,leaflet_content_basic,sentence,medical_term,high,265a3f3aaed4
**Composition & Excipients: Each film-coated tablet contains...**,**التركيب والسواغات: يحوي كل قرص ملبس بالفيلم على...**,leaflet_content_basic,sentence,medical_term,high,27908c699460
"**Chemical composition: Paracetamol 500 mg, Diclofenac Potassium 50 mg**",**التركيب الكيميائي: باراسيتامول ٥٠٠ ملغ، ديكلوفيناك بوتاسيوم ٥٠ ملغ**,leaflet_content_basic,sentence,medical_term,high,8ef675402edd
**Each tablet contains 10 mg or 15 mg of aripiprazole**,**يحوي كل قرص على ١٠ ملغ أو ١٥ ملغ من أريبيبرازول**,leaflet_content_basic,sentence,medical_term,high,868f67d7c21c
"**Excipients: Microcrystalline cellulose, Maize starch, Lactose monohydrate, Magnesium stearate, Iron oxide red**",**السواغات: السليلوز البلوري المجهري، نشاء الذرة، لاكتوز أحادي الماء، ستيرات المغنيسيوم، أكسيد الحديد الأحمر**,leaflet_content_basic,sentence,medical_term,high,9198bea5443f
**Aripiprazole exhibits partial agonist activity at D2 and 5-HT1A receptors and antagonist activity at 5-HT2A receptors**,**أريبيبرازول يُظهر نشاطًا محفزًا جزئيًا للمستقبلات D2 و5-HT1A ونشاطًا مضادًا للمستقبلات 5-HT2A**,leaflet_content_basic,sentence,medical_term,high,a5f3ca84131f
"**Absorption: Well absorbed after oral administration, with peak plasma concentrations within 3-5 hours**",**الامتصاص: يمتص بشكل جيد بعد التناول عن طريق الفم، مع وصول التركيز الأقصى في البلازما خلال ٣-٥ ساعات**,leaflet_content_basic,sentence,medical_term,high,962b9e4d06a0
**Distribution: >99% bound to serum proteins**,**التوزيع: أكثر من ٩٩٪ مرتبط ببروتينات المصل**,leaflet_content_basic,sentence,medical_term,high,9e7898e50f7c
**Metabolism and Elimination: Approximately 25% in urine and 55% in feces**,**الاستقلاب والإطراح: حوالي ٢٥٪ في البول و٥٥٪ في البراز**,leaflet_content_basic,sentence,medical_term,high,34cff5b74c5a
**For the treatment of major depressive episodes in adults**,**لعلاج نوبات الاكتئاب الرئيسية عند البالغين**,leaflet_content_basic,sentence,medical_term,high,591aa580d476
**For the relief of signs and symptoms of osteoarthritis with gastric protection**,**لتخفيف علامات وأعراض التهاب المفاصل التنكسية مع حماية معدية**,leaflet_content_basic,sentence,medical_term,high,4880ac1ef1b2
**Acute treatment of manic and mixed episodes associated with Bipolar I Disorder**,**العلاج الحاد للحالات الهوسية والمختلطة المرتبطة باضطراب ثنائي القطب من النوع الأول**,leaflet_content_basic,sentence,medical_term,high,04d8f14b7bb4
**Adjunctive treatment of major depressive disorder**,**العلاج المساعد لاضطراب الاكتئاب الرئيسي**,leaflet_content_basic,sentence,medical_term,high,540a516c7e6e
**Hypersensitivity to the drug or its components**,**فرط الحساسية للمادة الفعالة أو أي من مكونات الدواء**,leaflet_content_basic,sentence,medical_term,high,c4c6df62ff74
**Active or history of recurrent peptic ulcer/haemorrhage**,**قرحة هضمية نشطة أو تاريخ من النزف أو الانثقاب المتكرر**,leaflet_content_basic,sentence,medical_term,high,ea333d8b349e
**History of gastrointestinal bleeding or perforation**,**تاريخ من نزف معدي معوي أو انثقاب**,leaflet_content_basic,sentence,medical_term,high,2d204f9a4e30
"**Severe heart failure, hepatic failure, and renal failure**",**فشل قلبي حاد، فشل كبدي، وفشل كلوي**,leaflet_content_basic,sentence,medical_term,high,428712cbe00b
**Children under the age of 14 years**,**الأطفال تحت سن ١٤ عام**,leaflet_content_basic,sentence,medical_term,high,0ed4c955f5e9
"**Nausea, vomiting, constipation, headache, dizziness, akathisia, anxiety, insomnia**",**غثيان، قيء، إمساك، صداع، دوخة، أكاثيزيا، قلق، أرق**,leaflet_content_basic,sentence,medical_term,high,ac1f7c63c46e
"**Feeling of sickness, skin reddening, allergic reactions, shortness of breath, swollen facial features, liver damage**",**شعور بالمرض، احمرار الجلد، ردود فعل تحسسية، ضيق في التنفس، تورم في الوجه، تلف الكبد**,leaflet_content_basic,sentence,medical_term,high,74463dc9fc22
"**Tremor, blurred vision, abdominal discomfort, gastrointestinal disorders**",**رعاش، عدم وضوح الرؤية، عدم راحة في البطن، اضطرابات معدية معوية**,leaflet_content_basic,sentence,medical_term,high,9b625827be52
**Monitoring of liver function: Cases of liver injury have been reported**,**مراقبة وظائف الكبد: تم الإبلاغ عن حالات إصابة الكبد**,leaflet_content_basic,sentence,medical_term,high,7fdcddb88072
**Avoid concomitant use with other NSAIDs**,**تجنب الاستخدام المتزامن مع مضادات الالتهاب غير الستيرويدية الأخرى**,leaflet_content_basic,sentence,medical_term,high,b42c157971b8
**Close medical surveillance is imperative in patients with symptoms indicative of gastrointestinal disorders**,**المراقبة الطبية الدقة ضرورية للمرضى الذين تظهر عليهم أعراض اضطرابات معدية معوية**,leaflet_content_basic,sentence,medical_term,high,f2199a7a8aa6
**The recommended dose is one tablet (25 mg) once daily taken orally at bedtime**,**الجرعة الموصى بها هي قرص واحد (٢٥ ملغ) مرة واحدة يوميًا تؤخذ عن طريق الفم قبل النوم**,leaflet_content_basic,sentence,medical_term,high,df4c0c52ec5e
**Dosage increases should generally not be made before 2 weeks**,**يجب عدم زيادة الجرعة قبل مرور أسبوعين**,leaflet_content_basic,sentence,medical_term,high,a4f4955eae35
**Maintenance treatment: Periodically reassess to determine the continued need**,**العلاج الصيانى: إعادة تقييم دورية لتحديد الحاجة المستمرة**,leaflet_content_basic,sentence,medical_term,high,55b3a7cc4449
**No dosage tapering is needed on treatment discontinuation**,**لا حاجة لتخفيض الجرعة عند التوقف عن العلاج**,leaflet_content_basic,sentence,medical_term,high,ff110cbd20e0
**Liver damage is possible in adults who have taken 10g or more of paracetamol**,**تلف الكبد ممكن لدى البالغين الذين تناولوا ١٠ جرام أو أكثر من الباراسيتامول**,leaflet_content_basic,sentence,medical_term,high,277921d62dfa
"**Symptoms include headache, nausea, vomiting, epigastric pain, gastrointestinal bleeding**",**الأعراض تشمل صداع، غثيان، قيء، ألم شرسوفي، نزف معدي معوي**,leaflet_content_basic,sentence,medical_term,high,2308213c94f6
"**Management of overdosage: Activated charcoal, cardiac monitoring, supportive therapy**",**إدارة فرط الجرعة: الفحم المنشط، مراقبة القلب، العلاج الداعم**,leaflet_content_basic,sentence,medical_term,high,399124b5d150
"**Store at room temperature, between 15-30° C**",**يحفظ في درجة حرارة الغرفة، بين ١٥-٣٠ درجة مئوية**,leaflet_content_basic,sentence,medical_term,high,bb695dc01c8b
**Store away from humidity and direct light**,**يحفظ بعيدًا عن الرطوبة والضوء المباشر**,leaflet_content_basic,sentence,medical_term,high,99f4c393cd47
"**2 blisters, each contains 10 tablets/carton box**",**علبتان من البليستر، كل منهما يحتوي على ١٠ أقراص/علبة كرتون**,leaflet_content_basic,sentence,medical_term,high,49b0a0f785f5
**Manufactured by: HAMA PHARMA Hama - Syria**,**تصنيع: هاما فارما - حماة - سوريا**,leaflet_content_basic,sentence,medical_term,high,eef4b1c01fa4
**Do not interrupt the treatment period**,**لا تقاطع فترة العلاج**,medical_terms_basic,sentence,medical_term,high,aa85d5ebe480
**The dose should be adjusted to the intensity of the pain and the sensitivity of the individual patient**,**يجب تعديل الجرعة حسب شدة الألم وحساسية المريض الفردية**,dosage,sentence,medical_term,high,7e03217f4354
**Adults and children over 12 years: 50-100 mg 3-4 times daily**,**البالغون والأطفال فوق ١٢ سنة: ٥٠-١٠٠ ملغ ٣-٤ مرات يوميًا**,dosage,sentence,medical_term,high,e2f5208947bd
**A total daily dose of 400 mg should not be exceeded**,**يجب عدم تجاوز الجرعة اليومية الإجمالية ٤٠٠ ملغ**,dosage,sentence,medical_term,high,2d042dd2ad71
"**For patients with creatinine clearance <30 ml/min, the dosage interval should be increased to 12 hours**",**لمرضى تصفية الكرياتينين <٣٠ مل/دقيقة، يجب زيادة فترة الجرعة إلى ١٢ ساعة**,dosage,sentence,medical_term,high,97a24a5146af
"**In severe hepatic impairment, the product is contraindicated**",**في القصور الكبدي الشديد، المنتج مضاد استطباب**,dosage,sentence,medical_term,high,168af5bf93f5
**Children under 12 years: Not recommended**,**الأطفال تحت ١٢ سنة: غير موصى به**,dosage,sentence,medical_term,high,aed559049b9a
**Tramadol should not be combined with MAO inhibitors**,**يجب عدم الجمع بين ترامادول ومثبطات مونوأمين أوكسيداز**,interactions,sentence,medical_term,high,49f9342cc7f0
**Concomitant administration of Tramadol with other centrally depressant medicinal products including alcohol may potentiate the CNS effects**,**الإعطاء المتزامن لترامادول مع منتجات طبية مثبطة للجهاز العصبي المركزي بما في ذلك الكحول قد يزيد من آثار الجهاز العصبي المركزي**,interactions,sentence,medical_term,high,c23edc979b26
**Caution should be exercised during concomitant treatment with tramadol and coumarin derivatives (e.g. warfarin)**,**يجب توخي الحذر أثناء العلاج المتزامن بترامادول ومشتقات الكومارين (مثل وارفارين)**,interactions,sentence,medical_term,high,f511fd82f543
"**Other active substances known to inhibit CYP3A4, such as ketoconazole and erythromycin, might inhibit the metabolism of tramadol**",**المواد الفعالة الأخرى المعروفة بتثبيط CYP3A4، مثل كيتوكونازول وإريثرومايسين، قد تثبط استقلاب ترامادول**,interactions,sentence,medical_term,high,b280b31908f4
**Indications: Treatment of moderate to severe pain**,**استطبابات: علاج الألم المتوسط إلى الشديد**,indications,sentence,medical_term,high,0a2833b85f33
**Contraindications: Hypersensitivity to the active substance or any of the other ingredients**,**مضادات الاستطباب: فرط الحساسية للمادة الفعالة أو أي من المكونات الأخرى**,indications,sentence,medical_term,high,c63f10615afc
**Contraindications: Acute intoxication with central nervous system depressants**,**مضادات الاستطباب: التسمم الحاد بمثبطات الجهاز العصبي المركزي**,indications,sentence,medical_term,high,ef61109eaca2
"**Contraindications: MAO inhibitors, Severe hepatic/renal/respiratory impairment, Epilepsy**",**مضادات الاستطباب: مثبطات مونوأمين أوكسيداز، قصور كبدي/كلوي/تنفسي شديد، صرع**,indications,sentence,medical_term,high,ef4724891cf2
"Phenobarbital 15, 30, 60, 100 mg (TABLETS)",فينوباربيتال ١٥، ٣٠، ٦٠، ١٠٠ ملغ (أقراص),leaflet_core_glossary,sentence,medical_term,high,9efd0824ba6c
"COMPOSITION: Each tablet contains: 15 mg, 30 mg, 60 mg or 100 mg of phenobarbital.",التركيب: يحوي كل قرص على: ١٥ أو ٣٠ أو ٦٠ أو ١٠٠ ملغ فينوباربيتال.,leaflet_core_glossary,sentence,medical_term,high,d08b447f5f23
"EXCIPIENTS: Calcium stearate, Corn starch, Anhydrous lactose, Magnesium stearate, Colloidal silicon dioxide, Microcrystalline cellulose, Sodium starch glycolate, Sodium docusate, Lactose monohydrate.",السواغات: ستيترات الكالسيوم، نشاء الذرة، لاكتوز لامائي، ستيترات المغنيسيوم، ثاني أوكسيد السيليكون الغرويدي، ميكروكريستالين سللوز، غليكوات النشاء الصودية، صوديوم دوكوسات، لاكتوز مونوهيدرات.,leaflet_core_glossary,sentence,medical_term,high,f78f2ed5a6e8
"MECHANISM OF ACTION: Phenobarbital, a long-acting barbiturate, is a central nervous system depressant. In ordinary doses, the drug acts as a sedative and anticonvulsant.",آلية التأثير: فينوباربيتال مركب باربيتوري طويل المفعول مثبط للجملة العصبية المركزية. بالجرعات العادية، يعمل فينوباربيتال كمهدئ ومضاد للاختلاج.,leaflet_core_glossary,sentence,medical_term,high,f47618f86849
"PHARMACOKINETICS: Its onset of action occurs within 30 minutes, and the duration of action ranges from 5 to 6 hours. It is detoxified in the liver.",الحركية الدوائية: يبدأ عمل فينوباربيتال خلال ٣٠ دقيقة، ويستمر لفترة تتراوح بين ٥ إلى ٦ ساعات. يتم إزالة سميته في الكبد.,leaflet_core_glossary,sentence,medical_term,high,dd063e64aee8
INDICATIONS: Phenobarbital Hama Pharma is indicated for use as a sedative or anticonvulsant.,الاستطبابات: يستخدم فينوباربيتال حماة فارما كمهدئ أو مضاد للاختلاج.,leaflet_core_glossary,sentence,medical_term,high,cde530ba7f46
CONTRAINDICATIONS: Phenobarbital Hama Pharma is contraindicated in patients who are hypersensitive to barbiturates.,مضادات الاستطباب: يجب عدم استخدام فينوباربيتال حماة فارما في المرضى المعروفين بفرط الحساسية للباربيتورات.,leaflet_core_glossary,sentence,medical_term,high,1b54dcc5345b
"SIDE EFFECTS: CNS Depression: Sedation, drowsiness, lethargy, and vertigo.",التأثيرات الجانبية: تثبيط الجهاز العصبي المركزي: تهدئة، نعاس، خمول، ودوار.,leaflet_core_glossary,sentence,medical_term,high,b9af81a14486
OVERDOSE: The signs and symptoms of barbiturate poisoning are referable especially to the central nervous system and the cardiovascular system.,حالات فرط الجرعة: تتجلى أعراض التسمم بالباربيتورات خاصة في الجملة العصبية المركزية وفي الجملة القلبية الوعائية.,leaflet_core_glossary,sentence,medical_term,high,ba43647169e2
"PRESENTATION: 3 Blisters, each contains 10 tablets of Phenobarbital Hama Pharma-15 mg.",التعبئة: ٣ أشرطة، كل شريط يحوي ١٠ أقراص من فينوباربيتال حماة فارما-١٥ ملغ.,leaflet_core_glossary,sentence,medical_term,high,e015a7ff6e3f
"STORAGE: Store at room temperature, between 20°-25°C, away from moisture and light. Keep out of reach of children.",شروط الحفظ: يحفظ في درجة حرارة الغرفة، بين ٢٠°-٢٥°، بعيداً عن الرطوبة والضوء. يحفظ بعيداً عن متناول الأطفال.,leaflet_core_glossary,sentence,medical_term,high,7bec7fbb7fa9
"**Packing: 2 blisters, each contains 10 film-coated tablets**",**التعبئة: علبتان من البليستر، كل منهما يحتوي على ١٠ أقراص ملبسة بالفيلم**,general_info,sentence,medical_term,high,203eb35e3c03
"**Storage Conditions: Store at room temperature, 20°-25° C**",**شروط الحفظ: يحفظ في درجة حرارة الغرفة، ٢٠-٢٥ درجة مئوية**,general_info,sentence,medical_term,high,aa33f456a675
"**A medicament is a product which affects your health, and its consumption contrary to instructions is dangerous for you**",**الدواء منتج يؤثر على صحتك، واستخدامه خلاف التعليمات يعرضك للخطر**,general_info,sentence,medical_term,high,094dcb45d60f
**Severe hypersensitivity reactions to the drug or its components**,**ردود فعل تحسسية شديدة تجاه الدواء أو مكوناته**,updated_contraindications,sentence,medical_term,high,9be65ff889d2
**Active peptic ulceration or past history of ulceration or dyspepsia**,**قرحة هضمية نشطة أو تاريخ سابق من القرحة أو عسر الهضم**,updated_contraindications,sentence,medical_term,high,7810e5d95816
**Patients who are suffering from gout**,**المرضى الذين يعانون من النقرس**,updated_contraindications,sentence,medical_term,high,f438eef2eea1
"**Active gastric or intestinal ulcer, bleeding or perforation**",**قرحة معدية أو معوية نشطة، نزف أو انثقاب**,updated_contraindications,sentence,medical_term,high,5882fa8d2bf1
**Hypersensitivity to the active substance or to any of the excipients**,**فرط الحساسية للمادة الفعالة أو لأي من السواغات**,updated_contraindications,sentence,medical_term,high,103513047bf8
"**Hypersensitivity to clopidogrel, salicylates or NSAIDs**",**فرط الحساسية لكلوبيدوغريل، الساليسيلات أو مضادات الالتهاب غير الستيرويدية**,updated_contraindications,sentence,medical_term,high,0f5a4e890126
Take one tablet three times a day after meals.,خذ قرصاً واحداً ثلاث مرات يومياً بعد الوجبات.,curated_medical_phrases,sentence,medical_phrases,very_high,4f45ea5b563d
Take two tablets daily with water.,خذ قرصين يومياً مع الماء.,curated_medical_phrases,sentence,medical_phrases,very_high,6385c48707a9
Store in a cool dry place below 25 degrees Celsius.,يحفظ في مكان بارد وجاف تحت 25 درجة مئوية.,curated_medical_phrases,sentence,medical_phrases,very_high,0c0c29ea1385
Keep out of reach of children.,يحفظ بعيداً عن متناول الأطفال.,curated_medical_phrases,sentence,medical_phrases,very_high,4b6deb2ae9f0
Do not exceed the recommended dose.,لا تتجاوز الجرعة الموصى بها.,curated_medical_phrases,sentence,medical_phrases,very_high,f68287deeea4
Not recommended for use during pregnancy.,لا يوصى بالاستعمال أثناء الحمل.,curated_medical_phrases,sentence,medical_phrases,very_high,7860ca65296f
Contraindicated in patients with known hypersensitivity.,مضاد استطباب عند المرضى الذين يعانون من فرط حساسية معروف.,curated_medical_phrases,sentence,medical_phrases,very_high,d2b95e0543de
May cause drowsiness. Do not drive or operate machinery.,قد يسبب النعاس. لا تقُد أو تشغل الآلات.,curated_medical_phrases,sentence,medical_phrases,very_high,8f13f8bf43b3
Discontinue use and consult a physician if adverse reactions occur.,أوقف الاستعمال واستشر الطبيب في حال حدوث تفاعلات ضارة.,curated_medical_phrases,sentence,medical_phrases,very_high,e9f76afdd53c
This medication should not be used after the expiry date.,لا يجب استعمال هذا الدواء بعد تاريخ انتهاء الصلاحية.,curated_medical_phrases,sentence,medical_phrases,very_high,5097343b38a5
Seek immediate medical attention in case of overdose.,اطلب العناية الطبية فوراً في حالة الجرعة الزائدة.,curated_medical_phrases,sentence,medical_phrases,very_high,c4de9fb67976
Use with caution in patients with renal impairment.,يستعمل بحذر عند المرضى الذين يعانون من قصور كلوي.,curated_medical_phrases,sentence,medical_phrases,very_high,7471bd59a46b
Use with caution in patients with hepatic impairment.,يستعمل بحذر عند المرضى الذين يعانون من قصور كبدي.,curated_medical_phrases,sentence,medical_phrases,very_high,98f473b0ce4a
Not recommended for children under 12 years of age.,لا يوصى به للأطفال تحت سن 12 عاماً.,curated_medical_phrases,sentence,medical_phrases,very_high,f95ef4fa0659
"Take on an empty stomach, 30 minutes before meals.",يؤخذ على معدة فارغة، 30 دقيقة قبل الوجبات.,curated_medical_phrases,sentence,medical_phrases,very_high,b7ce588c1512
Do not crush or chew the tablet. Swallow whole.,لا تسحق أو تمضغ القرص. ابتلعه كاملاً.,curated_medical_phrases,sentence,medical_phrases,very_high,a90fe00b471b
"Side effects: Nausea, vomiting, abdominal pain.",الآثار الجانبية: غثيان، إقياء، ألم بطني.,curated_medical_phrases,sentence,medical_phrases,very_high,be5806da9b15
Drug interactions: May increase the effect of anticoagulants.,التداخلات الدوائية: قد يزيد من تأثير مضادات التخثر.,curated_medical_phrases,sentence,medical_phrases,very_high,6ea8f18457e5
Pharmacokinetics: Rapidly absorbed after oral administration.,الحرائك الدوائية: يمتص بسرعة بعد الإعطاء الفموي.,curated_medical_phrases,sentence,medical_phrases,very_high,abf2bac5127e
Mechanism of action: Inhibits cyclooxygenase enzyme.,آلية التأثير: يثبط إنزيم السيكلوأوكسيجيناز.,curated_medical_phrases,sentence,medical_phrases,very_high,9b14963558de
Contraindicated in patients with severe liver disease.,مضاد استطباب عند المرضى الذين يعانون من أمراض الكبد الشديدة.,curated_medical_phrases,sentence,medical_phrases,very_high,a1371c8dcf0f
Pregnancy category: Should be used only if clearly needed.,فئة الحمل: يُستعمل فقط في حال الضرورة القصوى.,curated_medical_phrases,sentence,medical_phrases,very_high,d96aa1233590
Management of type 2 diabetes mellitus.,علاج داء السكري النمط الثاني.,curated_medical_phrases,sentence,medical_phrases,very_high,25341c0bffb0
Antibiotic for the treatment of bacterial infections.,مضاد حيوي لعلاج الانتانات الجرثومية.,curated_medical_phrases,sentence,medical_phrases,very_high,2764ebc395ec
Anticonvulsant for the treatment of epilepsy.,مضاد اختلاج لعلاج الصرع.,curated_medical_phrases,sentence,medical_phrases,very_high,ef6b9fa9c070
Diuretic for the management of edema.,مدر بول لعلاج الوذمة.,curated_medical_phrases,sentence,medical_phrases,very_high,71200a32acc5
Anticoagulant for the prevention of thrombosis.,مضاد تخثر للوقاية من الخثرة.,curated_medical_phrases,sentence,medical_phrases,very_high,b77db5d51b00
Iron supplement for treatment of iron deficiency anemia.,مكمل حديد لعلاج فقر الدم بعوز الحديد.,curated_medical_phrases,sentence,medical_phrases,very_high,3555b0d4dc7c
Antiemetic for prevention of nausea and vomiting.,مضاد إقياء للوقاية من الغثيان والإقياء.,curated_medical_phrases,sentence,medical_phrases,very_high,8aacacc1dacc
Antispasmodic for relief of abdominal cramps.,مضاد تشنج لتخفيف التشنجات البطنية.,curated_medical_phrases,sentence,medical_phrases,very_high,eff55e31e871
Antihistamine for relief of allergy symptoms.,مضاد هيستامين لتخفيف أعراض الحساسية.,curated_medical_phrases,sentence,medical_phrases,very_high,c0af0401ac0e
Proton pump inhibitor for treatment of gastric ulcer.,مثبط مضخة البروتون لعلاج القرحة المعدية.,curated_medical_phrases,sentence,medical_phrases,very_high,6de7f5e062a1
Indications: Treatment of mild to moderate pain.,الاستطبابات: علاج الألم الخفيف إلى المتوسط.,curated_medical_phrases,sentence,medical_phrases,very_high,ffa25c605acb
"Overdose symptoms: May include confusion, dizziness, nausea.",أعراض الجرعة الزائدة: قد تشمل التشوش، الدوخة، الغثيان.,curated_medical_phrases,sentence,medical_phrases,very_high,86a831e082fd
